,,,,,,,,,,,,,,,,,,,,,,,,,,,,,,,,,,,,,,,,,,,,,,,,,,,,,,,,,,,,,,,,,,,,,,,,,,,,,,,,,,,,,,,,,,,,,,,
43.02042555555555,,,,,,,,,,,,,,,,,,,,,,,,,,,,,,,,,,,,,,,,,,,,,,,,,,,,,,,,,,,,,,,,,,,,,,,,,,,,,,,,,,,,,,,,,,,,,,,
42.663941666666666,44.086728333333326,,,,,,,,,,,,,,,,,,,,,,,,,,,,,,,,,,,,,,,,,,,,,,,,,,,,,,,,,,,,,,,,,,,,,,,,,,,,,,,,,,,,,,,,,,,,,,
44.294797777777774,45.85186888888887,46.17809222222223,,,,,,,,,,,,,,,,,,,,,,,,,,,,,,,,,,,,,,,,,,,,,,,,,,,,,,,,,,,,,,,,,,,,,,,,,,,,,,,,,,,,,,,,,,,,,
44.4394061111111,46.201348333333335,46.50329000000002,49.57483166666667,,,,,,,,,,,,,,,,,,,,,,,,,,,,,,,,,,,,,,,,,,,,,,,,,,,,,,,,,,,,,,,,,,,,,,,,,,,,,,,,,,,,,,,,,,,,
44.93829333333333,46.606107777777765,46.64198999999999,50.38739055555554,50.86079666666668,,,,,,,,,,,,,,,,,,,,,,,,,,,,,,,,,,,,,,,,,,,,,,,,,,,,,,,,,,,,,,,,,,,,,,,,,,,,,,,,,,,,,,,,,,,
45.97159944444443,47.14595277777778,47.16406611111113,50.84410833333332,51.023898888888894,51.25779666666668,,,,,,,,,,,,,,,,,,,,,,,,,,,,,,,,,,,,,,,,,,,,,,,,,,,,,,,,,,,,,,,,,,,,,,,,,,,,,,,,,,,,,,,,,,
42.76319444444444,44.27656611111112,44.17898222222221,46.52588055555557,46.54268166666666,46.71464055555556,47.393272222222215,,,,,,,,,,,,,,,,,,,,,,,,,,,,,,,,,,,,,,,,,,,,,,,,,,,,,,,,,,,,,,,,,,,,,,,,,,,,,,,,,,,,,,,,,
43.05446944444443,44.92543166666666,44.997561111111104,47.39446833333332,47.65071999999999,47.96359333333332,48.60578833333331,45.259161111111105,,,,,,,,,,,,,,,,,,,,,,,,,,,,,,,,,,,,,,,,,,,,,,,,,,,,,,,,,,,,,,,,,,,,,,,,,,,,,,,,,,,,,,,,
44.40908444444446,46.16550999999999,46.18796388888889,48.39401444444442,48.690072222222234,49.13286777777776,49.73034777777778,46.42624000000001,47.13192999999999,,,,,,,,,,,,,,,,,,,,,,,,,,,,,,,,,,,,,,,,,,,,,,,,,,,,,,,,,,,,,,,,,,,,,,,,,,,,,,,,,,,,,,,
44.66114944444445,46.216631666666665,46.359474444444444,50.20656722222222,50.55697222222223,50.944454444444446,51.06313499999999,46.40091833333332,47.57061722222221,48.732572777777754,,,,,,,,,,,,,,,,,,,,,,,,,,,,,,,,,,,,,,,,,,,,,,,,,,,,,,,,,,,,,,,,,,,,,,,,,,,,,,,,,,,,,,
45.65471833333332,47.040364444444464,47.21094888888889,50.72353277777777,50.94696333333336,51.19866722222222,51.19586500000001,47.227338333333336,48.24499611111111,49.67580833333333,51.161804999999994,,,,,,,,,,,,,,,,,,,,,,,,,,,,,,,,,,,,,,,,,,,,,,,,,,,,,,,,,,,,,,,,,,,,,,,,,,,,,,,,,,,,,
41.567453333333326,43.091927222222225,43.26058999999999,44.995051666666654,45.3326738888889,45.725116111111106,46.367920000000005,43.259681111111114,44.047401666666666,45.27773333333334,45.43943111111111,46.212272222222225,,,,,,,,,,,,,,,,,,,,,,,,,,,,,,,,,,,,,,,,,,,,,,,,,,,,,,,,,,,,,,,,,,,,,,,,,,,,,,,,,,,,
42.01310166666667,43.41729833333333,43.3237438888889,45.22288388888889,45.54807500000001,45.77632333333332,46.62963388888889,43.50816555555556,44.329698333333326,45.45127833333332,45.54381055555556,46.37664722222222,42.397825000000005,,,,,,,,,,,,,,,,,,,,,,,,,,,,,,,,,,,,,,,,,,,,,,,,,,,,,,,,,,,,,,,,,,,,,,,,,,,,,,,,,,,
43.782251111111115,45.457603888888904,45.29129222222222,47.22485777777777,47.459332222222216,47.888392777777774,48.457108333333316,45.57086111111111,46.17010333333333,47.33536166666667,47.417454999999975,48.19982500000001,44.27601222222223,44.643697222222215,,,,,,,,,,,,,,,,,,,,,,,,,,,,,,,,,,,,,,,,,,,,,,,,,,,,,,,,,,,,,,,,,,,,,,,,,,,,,,,,,,
43.417650555555554,45.16744888888889,45.03009166666668,47.54212222222221,47.670227222222216,48.02865333333335,48.75981666666667,45.300767777777764,46.2874011111111,47.30840611111111,47.837291111111114,48.456715555555554,44.34377222222223,44.38584444444445,46.40638611111111,,,,,,,,,,,,,,,,,,,,,,,,,,,,,,,,,,,,,,,,,,,,,,,,,,,,,,,,,,,,,,,,,,,,,,,,,,,,,,,,,
44.909331111111115,46.60659499999999,46.742678888888875,50.25240888888887,50.82505499999999,51.18838444444444,51.28870055555554,46.76358444444443,47.67330611111111,49.06747111111113,51.10304444444446,51.273819444444456,45.731976111111116,45.79200833333334,47.789129444444455,48.014502777777764,,,,,,,,,,,,,,,,,,,,,,,,,,,,,,,,,,,,,,,,,,,,,,,,,,,,,,,,,,,,,,,,,,,,,,,,,,,,,,,,
45.64252888888889,47.08604888888889,47.03293555555555,50.68811666666666,50.947547222222234,51.19019499999999,51.21448111111112,47.20731944444443,48.255594444444455,49.63912666666669,51.13994111111112,51.226705555555576,46.25024666666666,46.353170000000006,48.19913944444445,48.48507833333333,51.17947055555556,,,,,,,,,,,,,,,,,,,,,,,,,,,,,,,,,,,,,,,,,,,,,,,,,,,,,,,,,,,,,,,,,,,,,,,,,,,,,,,
41.545278333333336,43.00044500000001,42.7949911111111,44.44972,44.810021666666664,45.22500111111111,46.06359888888889,43.10406944444444,43.616555555555536,44.923475,44.81046277777777,45.85765333333334,42.06587055555556,42.33199944444445,44.29117833333333,43.754073333333345,45.43978833333335,45.837545000000006,,,,,,,,,,,,,,,,,,,,,,,,,,,,,,,,,,,,,,,,,,,,,,,,,,,,,,,,,,,,,,,,,,,,,,,,,,,,,,
42.82731944444445,44.39337833333332,44.255627777777796,46.303590555555544,46.55793444444443,46.79381055555556,47.82416166666668,44.37527722222222,45.26423055555555,46.53252555555555,46.667472222222216,47.45393777777778,43.414325000000005,43.61513055555557,45.62298444444445,45.415887222222224,46.98955833333333,47.48916833333333,43.17650944444446,,,,,,,,,,,,,,,,,,,,,,,,,,,,,,,,,,,,,,,,,,,,,,,,,,,,,,,,,,,,,,,,,,,,,,,,,,,,,
43.814438333333335,45.58664222222223,45.52864277777778,48.28321277777777,48.59190499999999,48.95913555555554,49.727611666666675,45.855026666666674,46.83102722222221,48.00833944444444,48.67702555555553,49.57788444444444,44.54281833333332,44.67606166666667,47.041717222222225,46.87414722222223,48.85498333333334,49.585322777777776,44.24670999999999,45.882918333333315,,,,,,,,,,,,,,,,,,,,,,,,,,,,,,,,,,,,,,,,,,,,,,,,,,,,,,,,,,,,,,,,,,,,,,,,,,,,
44.036102777777785,45.90247777777778,46.093022777777776,49.63186555555556,50.13021277777777,50.72458111111113,50.959117222222226,46.18354611111112,47.23474388888888,48.40456388888888,50.46795555555557,50.90159,45.01891611111112,45.17644666666668,47.248070555555536,47.37138999999998,50.5707527777778,50.90600555555557,44.51375,46.360882222222216,48.1772661111111,,,,,,,,,,,,,,,,,,,,,,,,,,,,,,,,,,,,,,,,,,,,,,,,,,,,,,,,,,,,,,,,,,,,,,,,,,,
45.37470499999998,47.06784388888888,47.12182333333332,50.50990555555555,50.86571,51.19182277777775,51.21870055555554,47.27007166666665,48.187170000000016,49.44606722222222,51.12008277777777,51.193165555555545,46.21307333333333,46.43552888888891,48.28678833333333,48.318482222222215,51.19101944444443,51.202091111111116,45.90744333333334,47.455358333333336,49.37388166666667,50.931571111111104,,,,,,,,,,,,,,,,,,,,,,,,,,,,,,,,,,,,,,,,,,,,,,,,,,,,,,,,,,,,,,,,,,,,,,,,,,
45.719132222222214,46.98405888888888,47.04293444444445,50.657407777777756,50.88791222222224,51.20395055555556,51.25925055555559,47.15140944444445,48.16964444444447,49.474289999999996,51.10683055555555,51.21130555555556,46.12154166666668,46.14335777777778,48.06921222222222,48.34303722222222,51.27950166666669,51.206208333333336,45.867869999999996,47.20955944444444,49.29307222222222,51.097110555555574,51.204693333333346,,,,,,,,,,,,,,,,,,,,,,,,,,,,,,,,,,,,,,,,,,,,,,,,,,,,,,,,,,,,,,,,,,,,,,,,,
128.33622222222218,130.36139833333337,130.05734277777776,132.36097777777783,132.38185944444444,133.2883438888889,134.48378166666666,130.96315833333335,131.6372177777778,132.12250944444443,132.3017688888889,134.58985222222222,129.97951722222226,130.0762888888889,131.586295,131.32875833333335,133.09085277777777,134.44112499999997,129.0308511111111,131.0019516666667,131.94135833333334,132.00739499999997,133.84499499999993,133.79900166666664,,,,,,,,,,,,,,,,,,,,,,,,,,,,,,,,,,,,,,,,,,,,,,,,,,,,,,,,,,,,,,,,,,,,,,,,
129.26660555555557,131.0292616666666,130.79095944444444,133.0706288888889,133.41517777777784,134.3955477777778,135.5795505555556,131.54432500000004,131.8620605555556,132.90709999999999,133.05281333333335,135.65213833333334,130.83375055555555,130.78955333333334,132.04648222222224,131.6114611111111,134.30850833333338,135.43207666666666,129.84792277777777,131.71070388888887,132.51077999999998,132.7068905555556,134.82862,134.87281777777778,42.52245166666667,,,,,,,,,,,,,,,,,,,,,,,,,,,,,,,,,,,,,,,,,,,,,,,,,,,,,,,,,,,,,,,,,,,,,,,
129.32175555555554,131.61532333333335,131.21797111111115,133.64525333333333,134.0690211111111,134.6995011111111,135.92097833333327,131.94069277777783,132.62398222222222,133.49400944444443,133.73929388888885,135.78514111111113,130.96511611111112,131.13965333333329,132.30505500000004,131.94903222222217,134.7935622222222,135.72345611111115,129.73655333333332,131.86478,132.8170755555555,133.03527277777778,135.44360111111112,135.18380833333336,42.12735833333334,43.60211388888887,,,,,,,,,,,,,,,,,,,,,,,,,,,,,,,,,,,,,,,,,,,,,,,,,,,,,,,,,,,,,,,,,,,,,,
130.8908911111111,132.31882222222222,132.05655444444446,134.73087722222223,135.14194111111112,136.62613944444442,137.37819611111112,133.06764833333332,133.43669444444444,134.72289,135.02730444444444,137.37540722222226,132.0319111111111,132.02343944444442,133.67257666666666,132.86338111111115,136.0960038888889,137.19817611111108,131.05720777777776,132.91434277777776,133.73650555555554,134.86420944444447,136.76311333333334,136.94965388888892,43.51229888888889,45.35816277777778,45.13533722222222,,,,,,,,,,,,,,,,,,,,,,,,,,,,,,,,,,,,,,,,,,,,,,,,,,,,,,,,,,,,,,,,,,,,,
130.86556833333336,132.9656638888889,132.59237388888883,135.34632666666667,135.77044944444447,136.7281122222223,137.52510444444445,133.448465,134.14954944444446,135.18211500000004,135.8080705555556,137.59858111111117,132.5092983333334,132.57064444444447,134.34880222222222,133.76470888888886,136.53093333333334,137.4103000000001,131.18101833333338,133.49002999999996,134.65317166666668,135.32031388888893,137.03071055555554,137.07550333333333,44.54368333333332,46.38026222222223,46.17319444444444,48.471050000000005,,,,,,,,,,,,,,,,,,,,,,,,,,,,,,,,,,,,,,,,,,,,,,,,,,,,,,,,,,,,,,,,,,,,
132.30167111111115,134.48696166666667,133.96382166666672,137.1313955555556,137.54529499999998,138.48360611111107,139.1889188888889,135.23330888888887,135.7527194444444,136.81794166666666,137.27779611111114,139.17183222222224,134.06203333333332,134.02430277777776,136.02369388888886,135.49198777777778,138.29491277777777,139.03575444444442,132.19597833333336,135.09727111111113,136.43106000000003,137.11263555555558,138.57403277777777,138.78519444444444,45.24703388888889,46.66747777777778,46.51588611111111,49.14016444444443,50.95616,,,,,,,,,,,,,,,,,,,,,,,,,,,,,,,,,,,,,,,,,,,,,,,,,,,,,,,,,,,,,,,,,,,
131.89647611111107,134.30223055555558,133.62531222222225,136.9455872222222,137.30642111111115,138.07069944444447,138.82392722222218,135.23059999999998,135.76421722222221,136.43593888888887,137.1413466666667,138.82561388888888,133.97056722222223,134.15370833333333,135.51379277777784,135.3480483333333,137.9790588888889,138.6040905555556,132.0687027777778,135.32224944444445,136.30832333333333,136.86386055555556,138.3632616666667,138.26322444444443,45.46546166666667,46.972772777777784,46.707138333333326,49.28536944444445,51.00313944444444,51.077982222222225,,,,,,,,,,,,,,,,,,,,,,,,,,,,,,,,,,,,,,,,,,,,,,,,,,,,,,,,,,,,,,,,,,
128.71760944444443,131.54537555555552,131.4448283333333,132.96240111111115,133.2832827777778,134.21468888888887,135.33535333333333,131.68679666666662,131.83248833333337,132.56697277777772,132.60288777777777,135.31322055555557,131.17562499999997,131.35538277777775,132.00842666666668,131.80800722222224,133.80996722222218,135.3273266666667,129.48035500000003,131.70069944444444,132.23439499999998,132.51843333333335,134.58701499999992,134.59461777777778,42.28035611111112,43.75350166666666,43.66921444444445,45.616006666666664,46.24891222222223,46.747631111111126,46.875984999999986,,,,,,,,,,,,,,,,,,,,,,,,,,,,,,,,,,,,,,,,,,,,,,,,,,,,,,,,,,,,,,,,,
130.38389999999998,131.69153444444441,131.58896944444447,133.49121055555557,133.85162555555556,134.75342166666667,135.98354111111107,132.07610055555554,132.45325444444447,133.24095111111117,133.53610111111107,135.98268333333334,131.37703444444446,131.31627111111112,132.43850666666663,131.97155500000005,134.45690500000003,135.98840055555556,130.90085166666668,132.04729777777777,132.8509444444445,133.27819055555554,135.52523555555558,135.37551166666663,42.69377055555557,44.85973222222222,44.394609444444434,46.299427777777765,46.884985555555545,47.42089333333335,47.96789444444444,44.72072722222223,,,,,,,,,,,,,,,,,,,,,,,,,,,,,,,,,,,,,,,,,,,,,,,,,,,,,,,,,,,,,,,,
130.06613222222225,132.29131444444442,131.92964666666666,134.70698000000002,135.11772944444445,136.17250555555557,136.93026833333334,132.98801666666665,133.49974555555556,134.54672888888888,135.32133166666668,137.19269055555554,131.94529888888886,131.7762083333334,133.89323166666665,133.15477111111107,135.96784,136.83336222222223,130.75105055555554,133.1258877777777,134.28451833333338,134.71538555555563,136.54795666666664,136.57111000000003,43.756027777777774,45.498261111111105,45.12416555555557,47.87826666666666,49.611478333333324,49.979631111111104,50.18767666666667,45.56489333333334,46.31198666666666,,,,,,,,,,,,,,,,,,,,,,,,,,,,,,,,,,,,,,,,,,,,,,,,,,,,,,,,,,,,,,,
132.2667444444444,135.08634833333332,134.17678611111108,137.0725777777778,137.53510999999997,138.60721222222224,139.2659322222222,135.5464705555556,135.76051833333332,136.88936444444445,137.0728627777778,139.37285499999996,134.20946222222221,134.33665833333333,136.04219833333332,135.09619388888885,138.2693144444444,139.34888833333332,132.65399111111114,135.6108766666667,136.41977944444443,136.78584444444445,138.92416277777775,138.79611222222223,45.300877222222205,46.79148944444443,46.88524888888888,49.34438833333335,51.074528888888906,50.94648944444446,50.98662,46.9569211111111,47.74118888888889,49.75327722222222,,,,,,,,,,,,,,,,,,,,,,,,,,,,,,,,,,,,,,,,,,,,,,,,,,,,,,,,,,,,,,
131.3215266666667,134.14182999999997,133.5642744444444,136.84550666666667,137.1390544444444,138.48229055555552,139.08540500000004,134.81891444444443,135.6989233333333,136.44002111111112,136.97400388888892,139.00452055555556,133.56273999999996,133.74662499999997,135.80297444444446,135.20600777777778,138.3438611111111,139.1483594444444,131.77180777777778,134.9212061111111,136.133295,136.6847522222222,138.64643611111114,138.70737666666668,44.7676361111111,46.326800000000006,46.170428888888885,49.045292222222216,50.79190111111112,50.79389166666666,50.83912333333334,46.04200277777779,47.04177,49.33197388888889,50.78638388888889,,,,,,,,,,,,,,,,,,,,,,,,,,,,,,,,,,,,,,,,,,,,,,,,,,,,,,,,,,,,,
128.74591166666667,130.9389172222222,130.4410511111111,132.19946277777777,132.59037500000002,133.33776111111112,134.51061888888887,131.11120666666665,131.56524777777776,132.0304138888889,132.29490944444441,134.59395055555555,130.3319644444445,130.5099177777778,131.68948722222223,131.18004388888892,133.1130811111111,134.33486944444442,129.58735499999997,131.41654611111107,131.82905333333335,132.13372777777775,134.22011333333333,134.15269500000002,41.704179444444456,43.33835333333334,43.18667388888889,44.88413722222223,45.74336444444444,46.208889444444445,46.741675000000015,43.59058222222222,43.95327222222222,45.17120333333334,46.50889777777778,45.75404611111112,,,,,,,,,,,,,,,,,,,,,,,,,,,,,,,,,,,,,,,,,,,,,,,,,,,,,,,,,,,,
127.79011333333337,130.5909755555556,129.98626277777777,132.24918444444444,132.53103499999995,133.03802777777776,134.30631555555559,130.91850944444445,131.3940616666667,132.04052888888884,132.2903722222222,134.3164516666667,129.66349,130.12011277777773,131.649135,131.00308388888888,133.0520355555556,134.2610638888889,128.2652088888889,131.20671499999992,131.884785,132.09134777777777,134.1059061111111,133.61311166666664,41.38035888888889,43.03559055555555,42.49822277777777,44.481361666666665,45.15888666666666,45.77043055555555,46.281737222222226,42.78075999999999,43.50002944444445,44.921357777777786,45.98622500000002,45.10244111111112,42.402006111111106,,,,,,,,,,,,,,,,,,,,,,,,,,,,,,,,,,,,,,,,,,,,,,,,,,,,,,,,,,,
130.49784055555554,132.0272216666667,131.7833977777778,134.13752499999995,134.56163611111114,135.27217833333333,136.50241111111106,132.6408694444444,132.83962055555557,133.68986777777772,134.0986638888889,136.5492638888889,131.6520766666667,131.63244944444446,132.7584288888889,132.1429427777778,135.18961055555556,136.43393,130.58913,132.47739277777777,133.49617499999997,133.68326666666673,135.94073888888894,135.99713166666672,43.38690666666667,45.143790555555555,44.507467777777784,46.69157666666666,47.39249055555557,47.69275611111112,47.97965277777777,44.89431722222222,45.36331499999999,46.835527222222204,47.75647111111111,47.132698333333344,44.23126777777776,43.915655,,,,,,,,,,,,,,,,,,,,,,,,,,,,,,,,,,,,,,,,,,,,,,,,,,,,,,,,,,
130.96474888888895,132.593455,132.07964444444443,134.78968999999998,135.15971,136.3537255555555,137.26086611111108,133.07995166666663,133.67484666666667,134.973845,135.04067611111105,137.27691833333333,132.0707666666666,132.03897500000002,134.01619055555554,133.41565388888887,135.8519483333333,137.12803388888887,131.29395777777776,133.0899177777777,134.20228666666665,134.83053944444444,136.6432911111111,136.74619055555556,43.97867166666667,46.06450888888889,45.476361666666676,47.58927111111112,48.396348333333336,49.01314055555555,49.30651444444445,45.94492388888887,46.52083722222222,47.92934277777778,49.1999661111111,48.53714388888889,45.57264444444444,44.98294111111111,47.064648888888875,,,,,,,,,,,,,,,,,,,,,,,,,,,,,,,,,,,,,,,,,,,,,,,,,,,,,,,,,
131.52685333333335,134.23213777777778,133.39846055555557,136.6338277777778,137.09244444444442,138.17360222222217,138.73279000000005,135.32432277777778,135.61316666666664,135.97593388888887,136.8111955555555,138.60384500000006,133.58337500000005,133.84059722222221,135.26725555555558,134.77804111111112,137.71439777777778,138.5940266666667,131.95967444444446,134.99594500000006,136.00300666666666,136.56272555555555,138.33244055555556,138.24178666666666,44.27993444444445,46.081707222222235,45.58884722222222,48.06618055555556,50.24852722222223,50.21026499999999,50.33170277777777,45.87942222222223,46.921411111111105,48.754395,50.26515444444445,49.9686111111111,45.69882166666665,44.82323944444444,46.90585333333333,47.962875,,,,,,,,,,,,,,,,,,,,,,,,,,,,,,,,,,,,,,,,,,,,,,,,,,,,,,,,
132.00165166666665,134.52762888888887,133.80292833333334,136.7072766666667,137.00649611111115,137.8227627777778,138.56558111111113,134.83270055555556,135.5147911111111,136.46396944444447,136.8988144444444,138.50748500000003,133.71629944444445,133.7700622222222,135.77913222222224,135.32562888888887,137.70621166666666,138.3911238888888,132.29146444444444,134.93188055555552,136.18414444444446,136.49324333333334,138.10578055555553,138.16267388888892,45.31936500000001,46.85817111111112,46.90229777777778,49.180396111111115,50.937667777777804,50.93065888888891,51.05815555555558,46.73670388888889,47.37846000000001,49.91202999999999,51.00716888888894,50.93853999999998,46.31395333333333,45.7965272222222,47.69185722222222,49.20302555555557,50.48133777777778,,,,,,,,,,,,,,,,,,,,,,,,,,,,,,,,,,,,,,,,,,,,,,,,,,,,,,,
128.0718427777778,131.4553922222222,131.55896333333334,131.89448666666675,132.44283222222225,133.07204666666664,134.34570888888885,131.69794388888886,131.61555333333328,131.9599827777778,131.90946111111106,134.31407722222218,130.61232555555551,131.33919888888886,131.67196777777778,131.60096055555556,132.69325888888886,134.02840222222224,128.75577444444446,131.67401500000003,131.87174000000002,132.0556155555556,133.8073977777778,133.56639777777778,41.32966166666666,43.01428833333333,42.40777833333333,44.002660555555565,44.86388499999999,45.64929388888889,45.74742444444444,42.57694111111111,43.00929555555556,43.99338111111111,45.57753500000001,44.71892277777778,41.99947444444444,41.83867055555555,43.81601055555556,44.33207666666667,44.607621111111115,45.50781444444444,,,,,,,,,,,,,,,,,,,,,,,,,,,,,,,,,,,,,,,,,,,,,,,,,,,,,,
128.89458166666665,131.61352666666664,131.6084477777778,132.77481944444443,133.20805777777775,134.12688666666676,135.23664166666669,131.68597388888887,132.10515722222226,132.48529833333333,132.71608888888886,135.22929111111114,131.54972222222221,131.63897777777777,131.80128333333332,131.83235722222219,133.72632777777773,134.96059722222222,129.80047611111112,131.81961,132.30836611111104,132.60782888888886,134.78392166666669,134.58080555555554,42.81513666666666,44.08347166666666,43.61353166666667,45.887379444444456,46.57194500000001,46.810131111111126,47.04102611111112,43.80583944444444,44.473396666666666,45.65138333333334,47.12762555555555,46.19591611111112,43.36479222222221,42.95871944444444,45.08460277777776,45.933108888888896,46.05984611111111,46.86474333333333,42.571932222222216,,,,,,,,,,,,,,,,,,,,,,,,,,,,,,,,,,,,,,,,,,,,,,,,,,,,,
129.8915772222222,131.88221166666665,131.73446388888888,133.823435,133.97046277777775,135.32683722222222,136.60736500000002,132.23672000000002,132.58441222222217,133.72467000000003,133.84657055555556,136.82164111111112,131.60725833333336,131.64831388888885,132.66579722222224,132.7141905555556,135.03128999999998,136.29854999999995,130.50477388888888,132.18002166666662,133.13872277777776,133.6120766666666,135.78486222222222,135.81882000000004,43.209664999999994,45.090508333333325,44.64209611111111,46.90304777777779,47.985233888888885,48.267469444444444,48.537958333333314,45.06183222222222,45.94357833333333,47.40131722222222,48.35513666666668,48.32822166666666,44.41559555555556,43.94805666666667,46.193552222222216,47.49453111111111,47.41850111111112,48.30413333333332,43.674275,44.901938333333355,,,,,,,,,,,,,,,,,,,,,,,,,,,,,,,,,,,,,,,,,,,,,,,,,,,,
130.76846666666663,132.51058333333336,132.10333999999992,134.69763555555556,134.8617733333334,136.34542888888888,137.48840000000004,133.0527622222222,133.63801000000004,134.73042222222222,134.9449061111111,137.20515,132.10428500000003,132.40676388888883,133.9725011111112,133.2239111111111,135.9301544444444,137.16740666666666,131.46919166666666,133.15623111111114,134.0980711111111,134.73903666666666,136.6506472222222,136.74663222222222,44.04903222222222,45.845281666666665,45.65820722222222,48.42574111111113,49.16220111111113,49.81813611111111,49.902338888888885,45.97807777777778,46.732300555555554,48.172042777777804,49.5394138888889,49.25450500000002,45.637084444444454,44.87613444444444,47.19256777777777,48.29140000000001,48.9892338888889,50.09984000000001,44.37346055555556,45.95556555555557,47.251901666666654,,,,,,,,,,,,,,,,,,,,,,,,,,,,,,,,,,,,,,,,,,,,,,,,,,,
131.08855111111112,133.61552111111112,133.07960444444447,136.24864611111113,136.66686555555555,137.54005333333333,138.3239638888889,134.39019388888892,134.94156777777775,135.7235216666667,136.30065722222218,138.33057277777775,133.30261388888889,133.2916733333333,134.95764000000003,134.55992333333333,137.30813333333327,138.22768999999997,131.63070333333332,134.44941222222224,135.56838555555555,136.1812527777778,137.83999333333335,137.9036272222222,44.5876638888889,46.35555666666665,45.97808388888888,48.48426555555557,50.99592055555557,50.93026833333337,50.980256666666676,46.282216111111126,46.894213333333326,49.775627777777785,50.98106666666667,51.00882055555557,45.841011111111115,45.34360666666668,47.35362666666667,48.47215944444444,50.39700166666667,51.141225555555565,45.071138888888875,46.208061111111114,47.794735555555555,49.74001944444444,,,,,,,,,,,,,,,,,,,,,,,,,,,,,,,,,,,,,,,,,,,,,,,,,,
131.79736222222226,134.5199805555556,133.60052944444445,136.91882555555554,137.31522722222226,138.19205666666667,138.89954555555556,135.12493166666673,135.92549944444448,136.7351838888889,136.80065333333332,138.86184388888884,133.7357872222222,133.8603338888889,135.91308166666667,135.24516666666668,138.1217738888889,138.85138833333335,131.83545277777773,135.22158222222222,136.32262888888886,136.8170316666667,138.53482833333337,138.45705055555555,45.43259666666667,46.61184944444444,46.38478055555555,48.95008166666666,51.14212611111112,51.018357222222235,50.97736666666669,46.716102777777785,47.261014444444434,49.72265722222222,51.06546777777781,50.95494611111111,46.1065611111111,45.609655555555555,47.585911666666675,48.84180277777777,50.44759055555554,51.02288388888892,45.38379777777779,47.04670277777776,48.27387444444445,49.793893333333344,51.02442888888891,,,,,,,,,,,,,,,,,,,,,,,,,,,,,,,,,,,,,,,,,,,,,,,,,
7.474908888888891,42.307420000000015,42.27371166666666,43.709125,44.07300888888889,44.691520555555556,45.517833333333336,42.62208111111112,42.71606111111112,44.38835,44.34818000000001,45.465303333333345,41.20672944444444,41.65764555555555,43.42663333333333,43.39782944444444,44.468252222222226,45.54222777777776,41.30133611111111,42.51420611111109,43.425379444444445,43.63862444444445,45.21410555555555,45.611656666666676,127.37030833333331,128.37347888888885,128.90991444444444,129.96118444444443,130.5369266666667,131.694185,131.78858333333338,128.6628905555555,129.10054166666666,129.79442444444445,131.70866222222224,131.1923483333334,127.43994777777779,127.34058999999996,129.60701388888887,130.32908277777776,131.04694555555554,131.6144733333333,127.61257555555557,128.31919333333335,129.4523061111111,130.36531277777777,130.87303,131.52165444444447,,,,,,,,,,,,,,,,,,,,,,,,,,,,,,,,,,,,,,,,,,,,,,,,
42.3763511111111,7.627316666666667,44.207672222222214,45.881994999999996,46.18378111111111,46.53974944444444,47.170023888888885,44.37944777777778,45.00363555555556,46.24201055555555,46.207058333333336,47.00762777777777,43.11840888888889,43.408595555555564,45.54296666666667,45.20601833333333,46.59186555555556,47.01117555555556,42.99877722222222,44.42926277777778,45.56311388888889,46.018244444444434,47.10643888888888,46.99949333333332,130.61445444444448,131.1685416666667,131.56062555555553,132.08503777777773,132.99616944444443,134.400445,134.54875277777774,131.28281444444443,131.7069422222222,132.18403444444442,134.7281311111111,134.17149777777777,130.39968833333336,130.15174,132.0791933333333,132.5602938888889,133.7156427777778,134.31805222222218,130.55969944444442,131.29335500000005,132.00027444444444,132.49841444444448,133.38896277777772,134.22265833333333,42.203406666666666,,,,,,,,,,,,,,,,,,,,,,,,,,,,,,,,,,,,,,,,,,,,,,,
42.91587666666665,44.10936722222222,7.614730555555559,46.06751999999999,46.48263444444442,46.706024444444445,47.232718888888904,44.259997777777784,45.00422944444444,46.22715999999999,46.46928444444445,47.18318166666666,43.29669277777777,43.373426666666674,45.32435777777777,45.12591277777778,46.73636499999999,47.071051666666676,42.848991666666656,44.28671666666668,45.558213888888886,45.98326222222224,47.1376011111111,47.05693333333331,130.11654777777775,130.58962444444444,131.19636111111112,131.89141666666666,132.58998888888888,133.91504055555558,134.20735555555552,131.02398222222223,131.484465,131.82487666666665,134.04668722222218,133.65085055555554,130.58369944444442,129.81709833333335,131.7640833333333,132.18971166666668,133.21585111111108,134.07523722222223,130.0144722222222,131.1012244444444,131.69106722222222,132.18701,132.85222500000003,133.56635055555557,42.20050722222223,44.17283555555556,,,,,,,,,,,,,,,,,,,,,,,,,,,,,,,,,,,,,,,,,,,,,,
44.07079888888889,45.89546888888887,46.164338333333355,7.628563888888888,49.763389999999994,50.429540555555526,50.85123777777774,46.25367944444445,47.51557222222222,48.42178111111111,50.133492777777775,50.76814333333334,45.26215722222221,45.22004166666667,47.25647444444446,47.544831111111115,50.210434444444445,50.72609666666667,44.47119444444443,46.340407222222225,48.23281722222223,49.76646944444444,50.44547277777778,50.65286277777779,132.49075388888892,132.90858555555553,133.52628333333334,134.62714999999997,135.87530944444444,137.17104277777773,137.34071944444446,133.1007561111111,133.76582777777776,134.68115444444442,137.14647277777777,136.69797055555557,132.48826,132.21185333333332,134.32802277777776,135.4420955555555,136.32487777777771,137.06054500000005,132.26252777777776,133.12056833333335,134.31091722222223,135.14708666666664,136.1318683333333,136.7666922222222,43.53311055555557,45.95893166666664,46.188920000000024,,,,,,,,,,,,,,,,,,,,,,,,,,,,,,,,,,,,,,,,,,,,,
44.49382444444446,46.23843777777778,46.53070222222221,49.62379,7.631449444444445,50.57438333333332,50.82697833333333,46.561044444444455,47.51404388888891,48.69352833333331,50.36462555555556,50.90945333333331,45.45108611111111,45.52138944444445,47.53870166666666,47.70303111111111,50.483447777777776,50.877561111111106,44.80467888888887,46.59541944444443,48.51324666666666,50.03178555555555,50.63174444444446,50.79444500000001,132.6088066666667,133.28630055555556,133.61889333333332,134.61965666666669,136.00166277777777,137.1262105555556,137.43539111111107,133.14163444444443,133.56375500000001,134.5759088888889,137.42953611111113,136.8133627777778,132.628035,132.2610188888889,134.47778222222226,135.27087055555555,136.44419111111108,137.06870888888895,132.50379833333332,133.00229055555556,134.18344166666665,135.0650111111111,136.0653961111111,136.6283027777778,43.95551777777777,46.18835444444445,46.54591388888888,49.66711111111111,,,,,,,,,,,,,,,,,,,,,,,,,,,,,,,,,,,,,,,,,,,,
45.12979833333335,46.64324999999999,46.70088777777778,50.42671111111108,50.93370555555557,7.604042222222221,51.23500888888891,46.74598222222221,47.91642277777779,49.27612999999999,51.121238888888875,51.03282611111109,45.680416111111114,45.742149444444436,47.92845111111111,47.99718277777777,51.210610555555554,51.21422611111113,45.32477555555556,46.84251666666666,48.882540000000006,50.902128888888896,51.22616555555556,51.223443888888895,133.3718527777778,134.48247777777783,134.80592999999996,136.04691055555557,136.75219722222224,138.06987833333338,138.4281111111111,134.31955888888888,134.98642111111107,136.0109122222222,138.40026166666664,138.01068111111104,133.34544000000002,133.04661444444443,135.4824716666666,136.4719155555556,137.46478666666664,138.1299888888889,133.4605083333333,134.31055611111103,135.36126555555555,136.45971444444442,137.09550333333328,137.8235638888889,44.46954277777778,46.64382444444443,46.872718888888905,50.4965938888889,50.9386222222222,,,,,,,,,,,,,,,,,,,,,,,,,,,,,,,,,,,,,,,,,,,
45.831208333333336,47.122215000000004,47.2077338888889,50.84464999999999,51.14629055555557,51.23918833333333,7.6322238888888885,47.384689444444454,48.47378500000001,49.78094388888888,51.17225166666667,51.2053938888889,46.51122722222222,46.628910000000005,48.40376277777778,48.659946111111104,51.25298833333331,51.25805611111111,46.077930555555554,47.56172277777778,49.67275,51.182803333333354,51.265512222222206,51.23737777777778,134.65138222222225,135.4985083333333,135.92661666666666,136.85420833333333,137.66719388888885,138.927675,139.09542333333331,135.34606611111113,136.1072438888889,136.92664166666668,138.9723461111111,138.4175688888889,134.54517611111115,134.52600111111113,136.6154311111111,137.30485499999998,138.33097222222221,138.89603055555557,134.80513611111112,135.4317738888889,136.6095566666667,137.211125,137.9989,138.56025888888888,45.57103388888888,47.15207833333333,47.30580666666666,50.83976944444443,51.12113055555557,51.22169666666667,,,,,,,,,,,,,,,,,,,,,,,,,,,,,,,,,,,,,,,,,,
42.77962166666667,44.283935555555544,44.198674444444435,46.31948055555555,46.55758111111111,46.695881666666665,47.35867500000002,7.614148888888889,45.32373055555557,46.47259611111111,46.51633666666667,47.235238333333335,43.27222666666666,43.509262777777764,45.629377222222224,45.39121666666666,46.8983838888889,47.30082833333333,43.23003111111111,44.43226666666667,45.80894444444445,46.22001833333333,47.35513333333334,47.17776444444444,131.00662777777777,131.4881338888889,131.90879333333334,132.8244038888889,133.6910072222222,134.98844555555556,135.21956666666665,131.51999999999998,132.19875888888885,132.76283722222223,134.86189499999998,134.5427088888889,130.7828288888889,130.51591777777782,132.43064222222227,133.3256033333333,134.2730505555555,134.88947277777777,130.91895055555557,131.64538444444443,132.37792222222225,133.2835911111111,133.99134888888884,134.55148333333335,42.44518055555557,44.31193666666667,44.34602833333335,46.353688333333324,46.613957222222204,46.793256666666665,47.433088888888896,,,,,,,,,,,,,,,,,,,,,,,,,,,,,,,,,,,,,,,,,
43.09998055555557,44.96884666666668,45.02655833333333,47.53678555555556,47.7640922222222,48.48123277777778,48.64357666666667,45.53448888888891,7.629858888888889,47.33031722222222,47.88191222222222,48.5192361111111,44.09276111111111,44.39601722222221,46.32765277777777,46.35047944444444,47.87959611111111,48.54076777777778,43.63396111111111,45.38435500000001,46.92429055555555,47.4197688888889,48.500652222222215,48.39645944444444,131.7559166666667,132.0709283333333,132.63132166666662,133.95254777777777,134.92970555555553,136.24915555555555,136.6900377777778,132.1733788888889,132.720455,133.94667722222218,136.18478944444448,135.87989555555558,131.70550388888887,131.43482888888886,133.21896222222225,134.43865055555554,135.69391888888893,136.34538166666664,131.731295,132.15336777777782,133.44966888888885,134.5219316666667,135.34446611111107,136.29964444444443,42.63198777777778,44.93164611111112,45.097755555555544,47.50134611111111,47.68667666666668,48.002811111111114,48.588208333333334,45.34121833333332,,,,,,,,,,,,,,,,,,,,,,,,,,,,,,,,,,,,,,,,
44.47184277777777,46.22321055555554,46.236075555555544,48.399485000000006,48.988302222222224,49.22660555555553,49.75496555555556,46.43454999999999,47.18057833333335,7.608888888888891,48.747521111111105,49.55465166666667,45.24639777777777,45.50323722222221,47.367725555555545,47.28879722222222,49.06402888888887,49.601071666666655,44.83224555555555,46.45570388888888,47.93906666666665,48.47526444444445,49.52995444444445,49.42459722222223,131.983325,132.87649222222217,133.19716166666663,134.72956,135.31073222222227,136.91923722222225,136.96481111111112,132.66592111111115,133.59849499999999,134.38592611111108,136.73732000000004,136.15204222222218,132.01810388888887,131.81634,133.9381311111111,134.99078888888886,135.97068444444443,136.73137111111114,132.06087333333332,132.76238166666664,134.00660666666667,135.1589027777778,135.68335000000002,136.36982944444443,44.088255,46.16983111111111,46.257909444444444,48.45892944444444,48.68672055555555,49.12551999999998,49.77413111111111,46.486398333333334,47.165791666666664,,,,,,,,,,,,,,,,,,,,,,,,,,,,,,,,,,,,,,,
44.63116333333334,46.270687222222215,46.385193888888885,50.18675833333333,50.563560555555554,50.99466388888889,51.11592388888888,46.481605,47.66048166666666,48.809888888888906,7.6134594444444454,51.08814777777775,45.4628688888889,45.52092277777778,47.430932222222204,47.71662111111112,50.994688888888874,51.044036111111105,44.88628055555556,46.615477777777784,48.653716666666675,50.65394611111112,51.078185,51.02883999999999,132.04979833333337,132.96966333333333,133.72357555555558,134.82013666666668,135.88501611111116,137.3725266666666,137.35168333333334,132.67736111111108,133.5948111111111,134.7572572222222,137.17960888888885,136.73031499999993,132.0687872222222,132.02512444444443,134.44666944444444,135.35320277777777,136.5298988888889,137.2814088888889,132.17913277777782,132.84338722222216,134.40829333333335,135.2915227777778,136.23097333333334,137.04649166666667,44.29527166666668,46.219208333333334,46.334428888888894,50.18414666666667,50.58034555555554,51.05595055555554,51.112925555555556,46.5072211111111,47.76030555555556,48.77703222222222,,,,,,,,,,,,,,,,,,,,,,,,,,,,,,,,,,,,,,
45.66024111111111,47.079285000000006,47.10128222222222,50.768294444444415,50.98895111111111,51.258530555555545,51.25259333333335,47.282896666666666,48.3693138888889,49.60015499999999,51.20811444444444,7.617368888888889,46.28828611111111,46.37145444444443,48.192811111111105,48.423833333333334,51.275648333333315,51.268299999999996,45.92096277777777,47.53223499999999,49.494235,51.08298111111111,51.369753888888866,51.22973111111112,134.62774388888886,135.31208611111106,135.6453238888889,136.68771222222227,137.62402722222222,138.5650433333333,138.76652388888888,135.34679722222228,135.85193166666667,136.56035500000002,138.66865444444443,138.38540055555558,134.53298055555553,134.3251455555556,136.27757833333328,137.21796722222217,137.91553777777779,138.6233511111111,134.4864777777778,135.25635611111107,136.2840122222222,137.01829888888892,137.67918166666664,138.42187777777778,45.311108333333316,47.018967222222216,47.10558555555555,50.797747777777765,50.935324444444454,51.22179944444445,51.214252777777794,47.33827666666667,48.403375,49.63595055555556,51.12740722222222,,,,,,,,,,,,,,,,,,,,,,,,,,,,,,,,,,,,,
41.60106611111111,43.14143,43.32099944444445,44.99230444444444,45.4428561111111,45.704582222222236,46.51608055555555,43.35273555555555,44.076656666666665,45.24372111111112,45.50936888888888,46.346209444444455,7.688849444444444,42.45280888888888,44.29983833333334,44.27883944444446,45.68030055555555,46.234852777777796,41.93755666666666,43.377502222222205,44.64692277777779,45.00631777777777,46.36418722222223,46.13829166666667,131.3179377777778,131.25384277777778,131.59493666666668,131.80521166666668,132.47350777777777,134.0292816666667,134.37157611111112,131.35334166666667,131.6862627777778,131.77897,134.02488277777775,133.29425055555558,131.024895,130.69679722222222,131.66866888888893,132.18621333333326,133.03024,134.0848183333333,131.11374777777783,131.50544999999994,131.7070255555556,132.0251388888889,132.8385305555555,133.86517055555555,41.21483166666668,43.07394,43.32299166666667,45.029229444444454,45.37263555555556,45.71825333333336,46.38933499999999,43.23463777777778,44.10025666666665,45.221774444444435,45.50574555555556,46.34126444444445,,,,,,,,,,,,,,,,,,,,,,,,,,,,,,,,,,,,
42.15193444444445,43.4645638888889,43.45728999999999,45.283720555555554,45.611127777777774,45.88792,46.63646333333332,43.56142333333333,44.28853,45.52383388888888,45.60737666666667,46.43313222222222,42.43923166666666,7.60899277777778,44.619204999999994,44.40602999999999,45.88840333333333,46.370572777777774,42.243381111111105,43.56887166666667,44.75165777777777,45.270060555555546,46.587401111111106,46.2530022222222,130.597675,131.05453888888889,131.3484083333334,131.82512277777775,132.357725,133.7872872222222,133.97906388888887,131.32686833333332,131.55896388888888,131.98523222222224,134.02311166666672,133.0655088888889,130.66684777777775,130.3191188888889,131.68046666666666,131.9682827777778,132.87546444444448,133.72516277777777,130.38490777777778,131.31380388888888,131.636515,132.01772444444444,132.72553277777774,133.35883111111113,41.69606888888889,43.49532166666666,43.36563277777777,45.25848055555557,45.63899944444445,45.82417500000001,46.5892461111111,43.56255055555556,44.28538555555556,45.57358666666667,45.67208111111112,46.406031666666664,42.54035722222222,,,,,,,,,,,,,,,,,,,,,,,,,,,,,,,,,,,
43.82258555555556,45.47288111111112,45.32521222222223,47.29692777777777,47.5054222222222,47.90158166666669,48.49290444444444,45.62116611111111,46.204625,47.48713833333335,47.44125388888889,48.24770166666665,44.3392627777778,44.54325222222221,7.617367222222221,46.30384666666666,47.90902555555555,48.22726277777777,44.13182611111111,45.70422666666666,46.88269777777777,47.25413444444444,48.30709055555557,48.12601444444444,131.97082333333336,132.28885499999998,132.65904944444443,134.3079011111111,135.2974372222223,136.93871611111106,137.15833277777773,132.38905222222218,132.95542333333333,134.25673611111108,136.7596738888889,136.35983277777777,131.7610844444444,131.8471338888889,133.58199,134.81670777777774,136.07951,136.88939944444448,131.81570555555555,132.35527611111115,133.57692777777783,134.8768061111111,135.75931166666663,136.42562111111118,43.57500277777778,45.439785555555545,45.380351666666684,47.28803666666666,47.520421111111105,47.87480722222222,48.41531944444443,45.62447222222223,46.23091222222222,47.338206666666665,47.46048388888889,48.198581666666676,44.31760444444446,44.57455388888889,,,,,,,,,,,,,,,,,,,,,,,,,,,,,,,,,,
43.62295611111111,45.07735277777776,45.058026111111126,47.53278888888888,47.731896666666664,48.23986333333333,48.65850944444446,45.280265555555566,46.32522944444443,47.329110555555566,47.816666666666684,48.51779055555556,44.26593000000001,44.395176111111084,46.332776666666675,7.620075,48.04381111111112,48.49089833333332,43.759171111111115,45.373617777777774,46.927601111111095,47.48759666666667,48.44497277777778,48.39272555555554,131.91040888888892,131.81562333333332,132.14080611111112,133.0908383333333,134.21782166666668,135.70720222222224,136.05916055555554,131.88959444444438,132.03596277777774,132.84459277777782,135.87363444444443,134.8135561111111,131.71743055555558,131.73598055555556,132.54197055555562,133.57534666666666,134.64956666666666,135.75789555555554,131.6157994444445,131.74491166666667,132.79083111111112,133.47579499999998,134.54881944444446,135.3379161111111,43.01845666666668,45.05303277777777,45.07346888888888,47.81908499999998,47.87699555555557,47.992806666666674,48.65097777777778,45.33455555555555,46.33422555555555,47.327105,47.80877722222224,48.58736166666667,44.33257333333332,44.36541277777779,46.38699166666666,,,,,,,,,,,,,,,,,,,,,,,,,,,,,,,,,
45.196646666666666,46.666708888888884,46.726991111111126,50.295633888888894,50.816630555555534,51.192515555555566,51.252708333333324,46.796187777777796,47.77134666666665,49.11614833333333,51.16504777777778,51.31235944444442,45.714966666666676,45.78015166666666,47.82047777777779,47.95717444444444,7.655833333333334,51.24665000000002,45.379615,46.81002888888889,48.815119444444434,50.910948333333344,51.360275555555575,51.2205866666667,133.11092500000004,134.0756766666667,134.63105166666665,135.68163166666662,136.63466999999997,138.05079555555557,138.13300666666666,134.1462044444445,134.64477166666666,135.50848277777774,137.98535888888887,137.349885,133.34914944444444,133.13527,135.28960222222221,136.43897222222222,137.0658283333333,137.92172388888883,133.05414833333333,134.1060372222222,135.1383338888889,136.01870222222223,136.9298227777778,137.55845888888885,44.39984277777777,46.61606666666667,46.740188333333336,50.279655555555536,50.894773333333326,51.24285611111111,51.19538111111111,46.78221833333334,47.780046111111105,49.091432222222224,51.118717222222216,51.196794444444414,45.773039444444436,45.84274999999999,47.85932111111111,47.87993388888888,,,,,,,,,,,,,,,,,,,,,,,,,,,,,,,,
45.71165777777777,47.13471666666666,47.11342833333332,50.71321388888891,50.94348388888888,51.235210555555554,51.22580666666669,47.27256722222222,48.400621666666666,49.640971111111114,51.13032111111111,51.194381111111106,46.22907000000001,46.34059611111112,48.197322777777785,48.65795722222221,51.30169,7.62822388888889,45.84578777777777,47.41284166666667,49.50344944444444,51.02099166666666,51.19258055555556,51.21625833333332,134.64825777777781,135.5563333333333,135.906485,136.87449388888894,137.8210327777778,138.79147777777777,139.0647383333333,135.43762666666666,136.00429444444447,136.9219472222222,139.15980333333331,138.4687011111111,134.5808761111111,134.42537055555556,136.67067055555557,137.46577722222221,138.2721611111111,138.86297166666665,134.61317388888887,135.40888999999999,136.72265944444442,137.33408833333337,138.04651444444448,138.58676444444447,45.38444722222223,47.05206666666667,47.1625861111111,50.748970555555545,50.95947555555556,51.258945555555535,51.28883833333334,47.2629911111111,48.353766666666665,49.62012000000001,51.16158611111109,51.22896222222223,46.28107277777779,46.35452388888889,48.27028055555558,48.56735666666666,51.22233111111112,,,,,,,,,,,,,,,,,,,,,,,,,,,,,,,
41.56860944444445,43.01136055555555,42.763912777777776,44.44775944444444,44.93463055555554,45.265454999999996,46.02058722222224,43.05818555555557,43.66516777777778,44.77520777777779,44.86254388888887,45.89979777777775,41.89363222222223,42.2023561111111,44.37616888888889,43.79705555555556,45.32857666666666,45.91406444444444,7.621125555555557,43.17023944444444,44.211440000000024,44.49471222222222,45.95283722222223,45.84991944444445,128.83836000000002,129.51537777777773,130.07338555555555,130.80430055555559,131.62813999999995,132.92790055555557,132.59127777777783,129.531335,130.05320388888893,130.64107277777782,132.3235105555555,132.0858566666667,128.68513000000002,128.36923222222222,131.08809611111118,131.2477477777778,131.77664000000001,132.29801277777779,128.71788055555552,129.55372166666666,130.51764555555556,131.3531361111111,131.99426444444444,132.08649944444446,41.15275555555556,42.981648888888884,42.821621666666665,44.43817333333332,44.81728666666666,45.36753666666668,46.087955555555574,43.069180555555555,43.59229000000002,44.84713777777779,44.83332833333333,45.91074944444445,41.90247444444446,42.193476666666676,44.14071333333334,43.824889444444445,45.302699999999994,45.85463888888888,,,,,,,,,,,,,,,,,,,,,,,,,,,,,,
42.84475166666668,44.42726277777777,44.25088333333334,46.313227777777776,46.58586722222222,46.78850666666667,47.6613277777778,44.399218333333344,45.249048333333356,46.51160555555556,46.661593888888895,47.47048833333332,43.42174722222223,43.652145555555556,45.61952777777777,45.39713833333334,46.82846166666667,47.62905611111111,43.15055888888889,7.629267777777775,45.85289166666668,46.35227777777779,47.66265333333333,47.387196111111116,131.71723722222225,132.1457127777778,132.1226755555556,133.27200722222221,134.331455,135.25715722222222,135.4049488888889,131.81151500000004,132.498635,133.32964333333334,135.0939527777778,134.76821833333335,131.418745,131.21064555555554,132.79341277777777,133.600065,134.53602388888888,135.45274222222224,131.37195055555551,131.8696044444445,132.86058500000001,133.68346277777778,134.37001055555558,134.77986055555553,42.41146111111111,44.411197777777765,44.2785127777778,46.324937777777784,46.59014055555556,46.85376888888886,47.63634833333334,44.486906666666655,45.337921111111115,46.59456444444443,46.70595722222222,47.58035444444443,43.465718888888894,43.64088444444443,45.623810000000006,45.40730055555555,46.85756277777779,47.44487277777778,43.17437722222222,,,,,,,,,,,,,,,,,,,,,,,,,,,,,
43.85518222222221,45.56499222222221,45.63747555555555,48.32119277777779,48.60439888888889,49.14185055555554,49.823787777777774,45.809694444444446,46.85914166666668,48.012410555555554,48.78362500000001,49.61135055555555,44.62786166666666,44.80265111111111,46.93753944444445,46.96832,48.87101222222223,49.56642222222223,44.22573055555556,45.78222222222223,7.611919444444446,48.393147222222204,49.405046666666664,49.29950277777779,132.15578833333333,132.39302666666666,132.79913888888885,133.89595000000006,134.97825,136.0877172222222,136.31366000000006,132.3751211111111,132.91307666666665,133.84450611111112,136.25044611111107,135.79901555555557,132.19748166666668,131.66354055555556,133.5945077777778,134.4340622222222,135.36395111111108,136.02816555555557,132.06885888888885,132.41180833333334,133.4667005555556,134.3110544444444,135.16388,135.7131044444445,43.33362000000001,45.55318222222221,45.61442722222222,48.32567388888887,48.605088888888886,48.977452222222226,49.77585000000001,45.9034488888889,46.93299833333335,47.97975333333331,48.66326388888888,49.570946111111105,44.69181722222223,44.831438333333345,46.9011527777778,46.935753333333324,48.907948888888896,49.60312666666667,44.25713388888891,45.72729944444444,,,,,,,,,,,,,,,,,,,,,,,,,,,,
44.1490761111111,45.942359444444456,46.08267333333332,49.63088055555556,50.164882777777784,50.785578333333326,50.97176944444446,46.22700055555555,47.2971177777778,48.46113222222221,50.48247111111111,50.91197222222221,45.02438055555555,45.211723333333325,47.34684833333334,47.43297333333334,50.59192444444444,50.91962166666669,44.53543277777779,46.22494444444444,48.259293333333325,7.619774444444444,50.73212444444443,50.92841333333335,132.39878222222225,132.77625055555558,133.47362777777778,135.11893055555555,136.4637216666667,137.49292388888887,137.4866161111111,132.98620333333326,133.84586111111113,135.14199777777776,137.2658322222222,137.05892500000002,132.384525,132.1054022222222,134.38872555555554,135.5141522222222,136.56814722222222,137.28281833333335,132.19197666666662,132.97316166666667,134.39573999999996,135.64945888888892,136.7872072222222,136.99522555555555,43.54227666666667,46.08602222222222,46.100944999999996,49.65768277777778,50.0708161111111,50.751138888888875,50.96961944444447,46.210486111111095,47.24084555555556,48.453579999999995,50.479467222222226,50.90338277777779,45.12906722222221,45.37522277777778,47.27685055555556,47.477687222222244,50.601395555555555,50.895083333333346,44.52740055555555,46.188874444444444,48.25442722222223,,,,,,,,,,,,,,,,,,,,,,,,,,,
45.424388888888885,47.083911111111114,47.12930611111111,50.51717666666666,50.90024111111111,51.24933777777777,51.254229444444434,47.308334444444434,48.22958888888889,49.4628411111111,51.27201722222221,51.21001277777778,46.233910555555546,46.4511388888889,48.34070277777777,48.363381111111124,51.26010666666667,51.206892222222216,45.95166833333335,47.69253777777779,49.5201911111111,50.945570555555555,7.632997777777777,51.2042661111111,134.0753705555555,134.8226688888889,135.32747444444445,136.66694,137.09750166666672,138.11542388888887,138.26860888888888,135.00904833333337,135.74515055555554,136.53024833333336,138.0389077777778,137.56568111111108,134.08444499999996,134.0340216666667,136.228955,136.96099666666666,137.3962133333333,138.2649966666667,134.1476522222222,134.98827277777778,136.23113444444445,136.73248388888888,137.42393333333334,137.97695499999998,45.00202833333334,47.115741111111106,47.10775444444445,50.52402666666665,50.901630000000004,51.245457777777744,51.250412222222224,47.37634722222221,48.19046444444446,49.486452222222226,51.12546444444444,51.28961555555554,46.353613333333335,46.57450888888887,48.39153111111111,48.357581666666675,51.20206499999998,51.23013166666665,46.030025555555554,47.59797388888888,49.44507777777777,50.94195277777778,,,,,,,,,,,,,,,,,,,,,,,,,,
45.99516277777779,47.013658333333346,47.08932833333333,50.63243777777775,50.90169666666667,51.20591555555555,51.20507222222224,47.128051111111105,48.24312222222223,49.5117688888889,51.140089444444435,51.25176111111113,46.18982499999999,46.224851111111114,48.123012777777774,48.337907222222235,51.207696666666656,51.239099444444456,45.94578166666667,47.253924444444436,49.44574611111113,51.04564055555554,51.33595000000002,7.638846666666666,134.0783072222222,134.93918499999998,135.53256055555556,136.6919883333333,137.45032944444438,138.5095633333333,138.4800694444444,135.01128722222222,135.95597111111113,136.6164505555556,138.65678499999999,137.95268833333336,134.32093444444442,133.7391622222222,136.25924055555555,136.87408444444443,137.60149777777778,138.290115,134.05669833333334,134.98464888888884,136.29496999999998,137.03316611111111,137.53330499999998,138.33279999999996,45.28054944444446,46.95858611111109,46.986828333333335,50.63181166666665,50.92493166666666,51.228030555555556,51.29574833333333,47.18473444444446,48.24244055555556,49.51633888888889,51.150350555555555,51.24775666666669,46.239927777777766,46.23472944444444,48.14599611111112,48.422255555555566,51.23929444444443,51.260195555555555,45.901659444444434,47.24064166666666,49.2033788888889,51.024773888888895,51.20929277777777,,,,,,,,,,,,,,,,,,,,,,,,,
128.92745611111116,131.08852222222222,130.36799222222226,132.12980611111112,132.40291222222223,133.24342000000001,134.44891055555556,131.45594777777777,131.5760122222222,132.0623866666666,132.13604444444448,134.44389111111107,130.62581444444444,130.44005833333335,131.7417505555556,131.2956311111111,132.88986777777777,134.37798222222222,129.66204388888892,131.12334,131.89211388888884,132.1232005555555,133.75730555555558,133.90066666666664,7.540647222222219,42.474536666666665,42.67583499999999,43.99410333333335,44.55076222222221,45.40371833333333,45.503306111111094,42.309400000000004,42.59183111111111,43.73391444444445,45.197658333333344,44.839255,41.76653499999999,41.45351833333333,43.64860611111111,44.141513888888895,44.41888277777779,45.48869722222221,41.34511666666666,42.32919555555554,43.349303333333346,44.02409333333333,44.56341944444446,45.33261611111111,128.16022499999997,130.65244944444444,130.37461444444446,132.42253666666667,132.62684666666664,133.29719666666668,134.24448833333335,131.11236611111113,131.52189666666663,132.15181277777776,132.37882888888885,134.31345333333337,130.02671388888888,130.08658388888895,131.6529961111111,131.34306277777782,133.00442888888887,134.12558833333333,128.7521483333333,131.15813166666672,132.05897388888886,132.1611411111111,134.03079444444444,133.6073388888889,,,,,,,,,,,,,,,,,,,,,,,,
129.0624777777778,131.35625055555556,131.6259938888889,133.2557527777778,133.51964055555558,134.2438377777778,135.444625,131.86719111111117,132.11723055555558,132.8640294444444,133.10404166666666,135.3841261111111,130.93915833333335,130.82545388888886,132.07282777777777,131.7490533333333,133.9914455555556,135.40638222222222,129.6794972222222,131.92561611111117,132.5429122222222,132.7063016666667,135.26743166666665,134.7041405555556,42.279951666666676,7.883046111111112,43.52005611111111,45.26372722222222,46.281936111111115,46.610004999999994,46.83257611111111,43.75830944444445,44.540723888888884,45.48930277777779,46.788968888888895,46.12436555555554,43.214157777777785,42.80757666666668,44.981469444444436,45.837954999999994,45.88520722222224,46.609897222222216,42.59152555555557,43.759150000000005,44.900622222222225,45.81062944444444,46.19299444444442,46.63813666666667,129.11084722222222,131.60603944444446,131.644735,133.23982944444444,133.74101722222224,134.76503722222222,135.96249166666664,131.78479499999997,132.13471166666662,133.11894611111106,133.16875333333334,135.94918277777776,131.3711872222222,131.3086238888889,132.27318666666673,131.88333166666666,134.3656988888889,135.76765222222224,130.3981311111111,131.7994066666667,132.62156944444445,132.99980666666667,135.1927538888889,135.3504655555556,42.29430166666668,,,,,,,,,,,,,,,,,,,,,,,
129.66223222222226,131.64465111111107,131.40538055555558,133.68026333333333,134.09430277777778,134.9691138888889,136.03013777777778,131.96874611111113,132.56302333333335,133.46412444444442,133.61220888888886,136.08459333333334,131.17632388888887,131.30106500000002,132.50255777777778,132.0766477777778,134.6288522222222,135.91324444444447,130.26136222222226,132.05947444444442,133.0419961111111,133.46053944444446,135.32913166666668,135.40603888888887,42.3802161111111,43.519726666666664,7.47268,45.03503277777778,45.957275555555555,46.45848166666667,46.683578888888896,43.50776444444445,44.17837666666664,45.064472777777766,46.5320538888889,45.818264444444424,43.141645,42.50420722222221,44.60977722222222,45.59247722222222,45.77415333333334,46.48027055555555,42.673671666666664,43.452920000000006,44.70711222222224,45.864991666666675,45.86679722222222,46.2843761111111,129.20116611111115,131.48075499999996,131.25291499999997,133.64176277777779,133.97442611111106,134.8358388888889,135.91615388888886,132.06319,132.42670499999997,133.1353677777778,133.4885688888889,135.95332944444445,131.209255,131.26777111111107,132.59149444444446,131.97688833333333,134.53887611111114,135.7386477777778,129.9576855555556,132.08392666666668,132.8682127777777,133.18773833333327,135.23777111111113,135.3599538888889,42.14367166666667,43.5626561111111,,,,,,,,,,,,,,,,,,,,,,
130.23019944444445,132.21928611111107,131.75918555555555,134.3059883333333,134.76779333333334,135.90551499999998,137.0328811111111,132.80830833333334,133.3194488888889,134.44241555555556,134.72014055555553,136.88389555555554,131.6580583333334,131.711445,133.2086144444445,132.7862911111111,135.40208388888885,136.5652188888889,130.89440333333332,132.9033827777778,133.90530444444448,134.36025444444442,136.373875,136.51276666666666,43.668347777777775,45.292886111111116,45.129383333333344,7.470347222222224,48.906507222222224,49.30234333333334,49.41923666666666,45.43604833333334,46.155447222222215,47.80029722222221,49.13700111111112,48.51972833333334,44.96469388888889,44.40149666666667,46.66501055555555,47.551325555555565,48.369464444444446,49.27296611111112,43.79919111111112,45.357371666666666,46.870824444444445,48.024008333333335,48.646109999999986,49.07052666666667,130.18337888888885,132.20285500000003,131.83802333333335,134.23045277777777,134.55244555555555,135.73339055555553,136.73591777777781,132.7935694444445,133.30177833333335,134.23654611111115,134.5105377777778,136.78241388888887,131.8520505555556,131.78517833333333,133.19899833333338,132.78435,135.40187222222218,136.5904294444444,131.35213388888891,132.71711833333333,133.78591722222222,134.17999166666667,136.24671722222223,136.16044055555554,43.77385277777778,45.45076444444444,45.09882277777779,,,,,,,,,,,,,,,,,,,,,
131.6006516666667,133.27602999999996,132.79287333333332,135.9878438888889,136.56776388888886,137.93551722222224,138.5242877777778,133.77935166666668,134.50352055555555,135.78439111111112,136.57939611111107,138.52447555555554,132.51473777777773,132.65699055555555,134.76142722222224,134.4063883333333,137.60743333333332,138.46681388888885,131.5860455555556,133.8907283333333,135.2013133333333,136.07486944444446,138.18071333333336,138.20262611111113,44.547514444444445,46.27562055555556,46.00276888888888,48.45270222222222,7.468587222222221,50.81754111111112,50.881933888888895,46.20287499999999,46.81144944444445,49.293132222222205,50.859782777777774,50.74230333333333,45.79214888888889,45.17517999999999,47.21953277777779,48.376225555555564,50.24057166666665,50.87626777777776,44.828795555555544,46.07435111111109,47.752973333333344,49.45453166666667,50.89423499999999,51.11570444444445,131.32194944444447,133.37027,132.85933000000006,136.09705444444447,136.91369111111106,137.73799722222216,138.33707277777776,134.00880777777778,134.71435000000002,135.95730166666667,136.2759638888889,138.3290733333333,132.59032333333332,132.77853333333337,134.9013711111111,134.43802000000002,137.76876944444444,138.244435,131.55603777777776,134.03984722222222,135.43073111111113,136.04429222222223,137.94915500000002,137.95771166666663,44.56798777777778,46.48474833333333,46.0132138888889,48.458611111111104,,,,,,,,,,,,,,,,,,,,
131.77655277777782,134.7730966666667,133.86789222222225,136.95853111111109,137.31915722222223,138.44012333333333,139.29364555555554,135.25917777777772,135.8040811111111,136.6222633333334,136.87469333333334,139.0459005555556,134.17126888888885,134.3087222222222,135.86391555555554,135.2490066666667,138.0722438888889,138.86479,132.29236666666662,135.27313833333335,136.3697922222222,137.04596055555558,138.54230611111112,138.93441166666668,45.35798944444445,46.71269277777777,46.49677055555557,49.084764444444424,50.93140777777779,7.533617222222223,50.90550611111112,46.652353333333316,47.27912222222221,49.78422500000001,51.17824611111115,51.00866166666667,46.537312222222226,45.858777777777775,47.643132222222214,49.01669055555557,50.4166638888889,50.94572222222223,45.43874944444445,46.72406666666667,48.17515833333333,49.70237888888889,50.930810000000015,50.932030000000026,132.00744166666667,134.54140111111113,133.77907388888895,136.81641722222227,137.326715,138.353115,139.08674555555555,135.20453166666667,135.6753672222222,136.97029055555558,137.0666138888889,139.06153333333333,133.78831611111113,133.9592388888889,136.3985516666666,135.31162944444443,138.140395,138.93861722222223,132.17845666666668,135.1572177777778,136.31183333333334,136.9095588888889,138.54832999999996,138.88486444444447,45.27005055555556,46.65230166666666,46.43797111111112,49.116483333333335,50.885273888888904,,,,,,,,,,,,,,,,,,,
131.88986333333335,134.86050777777777,133.91573555555559,136.91611944444446,137.49379833333333,138.30093222222226,138.96892277777778,135.43057222222222,135.93308499999998,136.69770500000004,136.95157277777778,139.04287111111108,134.19220555555552,134.38963277777776,135.87503888888892,135.3053522222222,138.03694333333334,138.84749388888892,132.16604166666664,135.3820683333333,136.31683999999996,136.77124611111108,138.70262555555556,138.436505,45.428079444444435,46.811005555555546,46.9373938888889,49.29075055555556,50.9062777777778,51.08836222222222,7.5690533333333345,46.98891777777774,47.407632222222226,49.977090000000004,50.93136555555557,51.03783166666668,46.44565222222222,45.923582222222215,48.141284444444445,49.58092611111109,50.68666944444443,51.03815166666668,45.7699938888889,47.374739444444444,48.35125166666667,49.995950555555545,51.07886000000001,51.07890222222223,131.95541055555552,134.71840222222224,134.24766555555556,137.3111411111111,137.53261444444448,138.33250888888887,139.3875277777778,135.7644466666666,136.19170666666668,136.94420777777776,137.12223333333336,139.52711777777776,134.3024627777778,134.39742999999999,136.52273055555554,135.56749055555554,138.25208833333332,139.07028499999998,132.46617777777774,135.7232122222222,136.47418444444443,136.96039611111112,138.57226,138.79794555555551,45.48026555555556,46.79809833333333,46.84738388888889,49.33312222222222,50.926087777777816,51.01756166666666,,,,,,,,,,,,,,,,,,
128.6709811111111,131.2640588888889,130.99430277777776,132.9704166666666,133.6946488888889,134.12880444444446,135.22090111111115,131.58034722222217,131.8408522222222,132.777475,133.25477666666663,135.2242972222222,130.49373222222223,130.77555499999997,132.02323444444445,131.77268555555554,133.99423277777774,135.24999277777775,129.2926611111111,131.77674277777777,132.34841722222222,132.734165,134.96753277777776,134.56365833333334,42.18193111111112,43.744619444444446,43.51249,45.449283888888885,46.25809777777777,46.779477222222226,46.856173333333324,7.465476666666666,44.380446111111105,45.576292777777766,46.83859722222221,46.04141388888888,43.23404722222222,42.76034222222222,44.95938166666667,45.890585,45.891058333333326,46.69438277777779,42.42040777777778,43.66568222222223,44.881602777777786,45.87283444444444,46.13586777777776,46.51757833333334,128.76227888888886,131.31473777777776,131.14052,133.17494166666665,133.58649277777775,134.5162488888889,135.61607888888886,131.70759055555558,132.1022277777778,132.6289638888889,132.90467444444448,135.54812555555554,130.95429777777778,130.95478055555557,132.06953500000003,131.72542055555556,134.20404,135.37192222222225,129.3319516666666,131.8101438888889,132.73254333333333,132.68397833333339,134.78947111111114,134.8905816666667,42.19974777777778,43.72273444444445,43.51276833333334,45.46610888888889,46.143264999999985,46.747017777777764,46.822488333333325,,,,,,,,,,,,,,,,,
129.96189888888892,131.70532888888886,131.383885,133.63731722222218,133.99470722222216,134.97060388888886,135.97936111111107,132.10912944444445,132.6028677777778,133.49294944444443,133.76721611111114,136.2625177777778,131.35801222222221,131.66670444444446,132.4291161111111,132.03964000000005,134.60445777777772,136.07846111111115,130.46543888888888,132.11024611111108,133.06729722222224,133.38994444444444,135.73995666666667,135.66728055555555,42.65217888888889,44.44813777777779,44.10552388888888,46.21167722222224,46.85671722222222,47.32543055555554,47.50686444444445,44.70001833333334,7.4786222222222225,46.23054555555555,47.3530388888889,46.83578000000001,43.990898333333334,43.50646055555555,45.59051833333332,46.64054666666665,46.84881166666668,47.4394661111111,43.36909499999999,44.42955666666668,45.78303722222221,46.62852833333333,46.92312888888888,47.23302722222222,129.4209466666667,131.60673277777775,131.693395,133.54680111111108,133.73764666666668,134.60448,135.6855477777778,132.0208266666667,132.31976833333334,133.200075,133.42530333333335,135.78419166666666,131.55454055555558,131.6130222222222,132.50129277777776,131.91409333333334,134.27629611111112,135.62109333333336,130.01438055555556,132.0849061111111,132.7867072222222,133.08579500000002,135.42823944444442,135.26530888888885,42.52973,44.347343888888894,44.27026055555556,46.23419944444444,46.840171111111104,47.354016111111115,47.532156666666666,44.557447777777796,,,,,,,,,,,,,,,,
130.52882055555554,132.38891222222222,132.22331333333335,134.48527833333333,135.20655000000002,136.13465777777776,137.08518444444445,133.06158333333332,133.5558,134.3402344444444,135.09658111111113,136.9933838888889,131.87251722222217,132.13646277777778,133.42141222222224,132.88616333333334,135.72587000000004,137.45015833333332,131.27127388888886,133.00729499999994,134.00548166666667,134.68306,136.83060888888892,136.52911722222225,43.82218166666668,45.63648333333336,45.10270166666666,47.688612222222226,49.30555000000001,49.88126222222225,49.998265555555555,45.57892333333333,46.16833499999999,7.475666666666666,49.63271,49.54500944444446,45.10020499999999,44.54971555555554,46.774330555555565,47.64500611111112,49.216715000000015,49.85855944444443,44.03950444444445,45.49282444444445,46.84909666666666,48.153605,49.59385833333334,49.78582611111111,130.39267166666667,132.0670588888889,132.00427166666665,134.4097005555556,134.72317833333335,136.15040444444443,136.84206888888886,132.6131211111111,133.1399511111111,134.10985055555554,134.72964666666667,136.87588777777773,131.65942944444444,131.729545,133.05707555555557,132.43482388888887,135.67341277777783,136.66902222222222,130.73386833333336,132.62701666666663,133.4356811111111,134.14844888888885,136.63810888888892,136.4170883333333,43.58207722222222,45.51344388888889,45.16763999999999,47.61314499999998,49.327148888888885,49.85439444444446,49.977744444444426,45.57262388888889,46.21403611111111,,,,,,,,,,,,,,,
131.95012888888894,133.96430111111107,133.52784833333337,136.6566483333334,137.09830222222226,138.04508777777772,138.65157611111113,134.83906111111114,135.3976405555556,136.69418888888887,136.92769,138.82826888888889,133.44845888888892,133.51143166666662,136.01507222222222,134.98400833333335,137.88674444444445,138.46811722222222,132.20076722222217,134.6858622222222,135.87103333333334,136.59466111111112,138.20290444444447,138.36041388888881,45.230639999999994,46.77159722222221,46.525566111111104,48.92097055555557,50.90057388888889,50.93416555555556,51.008232777777785,46.899436666666666,47.679063888888905,49.864351666666664,7.59347111111111,50.9399688888889,46.322572222222234,45.83970555555557,47.749857222222225,48.904343333333344,50.49920277777778,50.92982055555556,45.493228333333334,46.80793444444443,48.09942833333332,49.56622222222225,50.92925611111112,50.93016555555556,131.48184055555555,134.01905277777777,133.2581133333333,136.4972905555556,136.89392833333335,137.8252294444444,138.5904833333333,135.02951777777778,135.42934777777776,136.0115927777778,136.90114777777777,138.65623833333333,133.65934499999995,133.74500666666663,135.23621944444443,134.7287261111111,137.72267444444444,138.463705,131.6832305555556,134.89042277777776,135.77620500000003,136.4722827777778,137.93328722222225,137.92280499999998,45.083828888888895,46.968320000000006,46.484105000000014,49.31119555555556,50.90291333333335,50.93121500000001,50.91606944444446,46.84213777777778,47.467558333333336,50.03033888888888,,,,,,,,,,,,,,
131.87094000000002,134.0764027777778,132.97925055555558,136.32021111111112,136.754385,137.7076388888889,138.58595000000003,134.52132388888887,135.00757055555553,136.02525444444444,136.47323500000002,138.60027277777775,133.01911833333335,133.37818000000001,135.10001111111112,134.5187233333333,137.75114611111113,138.3754727777778,131.76352277777778,134.48215555555555,135.77229055555554,136.33558722222222,137.90261277777776,137.9062311111111,44.44485444444446,46.051707222222234,45.74292722222223,48.37325388888888,50.713391111111136,50.74620388888888,50.766376666666666,45.979262777777784,46.7380788888889,49.321514444444425,50.770976111111125,7.472093333333332,45.594448888888905,44.979428888888904,47.05508833333334,48.15459666666669,50.1023761111111,50.76480111111112,44.649475555555554,45.92306277777779,47.483437777777766,49.200870555555554,50.72971444444447,50.88416944444443,131.5748205555555,133.9667711111111,133.2945577777777,136.22664833333334,136.60702555555557,137.57009166666668,138.4092688888889,134.55861555555555,135.02778999999998,136.0960672222222,136.3579638888889,138.34227833333333,133.42795666666672,133.52026944444444,135.63765777777775,134.68581388888887,137.46950277777776,138.36683777777776,131.8566488888889,134.60758833333333,135.59327444444446,136.13326777777777,137.76103055555555,137.80773944444445,44.46350666666668,46.25943555555555,45.79673055555555,48.347395000000006,50.69582555555557,50.714243888888895,50.77254888888889,45.96951611111111,46.792566111111114,49.30915500000001,50.735785000000014,,,,,,,,,,,,,
128.59885000000003,130.70365888888892,130.46690277777776,132.4284244444445,132.7397622222222,133.62156666666667,134.59162000000003,131.05780055555553,131.6965622222222,132.2217138888889,132.27347777777774,134.51736888888885,130.03565611111114,130.08952444444446,131.7924972222222,131.50155166666667,133.43100555555554,134.54933555555556,128.96594722222218,131.32412222222223,132.06832944444443,132.0978022222222,134.62516055555554,133.8154066666667,41.72841611111111,43.49459111111111,43.18450444444445,45.21499888888888,45.796217222222204,46.46680055555554,46.63288166666666,43.24191944444444,43.93916333333333,45.002667222222215,46.388401666666674,45.83535333333333,7.470425,42.57237277777777,44.296706666666665,45.31823333333334,45.46780333333332,46.55987499999999,42.00690333333331,43.29465555555556,44.68434166666666,45.628089444444434,45.83267277777779,46.14040166666668,128.28355944444448,130.28898388888888,130.0459166666667,132.08581166666664,132.41087000000002,133.122885,134.31442388888894,131.18132777777777,131.3808633333333,132.02340111111116,132.0489438888889,134.3894005555555,129.86545222222222,130.0942922222222,131.57321888888885,131.0248877777778,132.88002277777784,134.1983916666667,129.01529222222223,131.1401394444445,131.83019444444443,131.92001888888893,134.07530444444444,133.5395922222222,41.653861666666664,43.597140555555555,43.38611833333333,44.97101444444444,45.693180555555564,46.20359444444445,46.38649944444445,43.18168444444445,43.89427833333335,45.04767333333332,46.32936333333332,45.65611222222223,,,,,,,,,,,,
127.61183444444443,130.65087166666666,130.57909055555552,132.4753666666667,132.53760166666663,133.44955499999998,134.54068166666664,131.39332166666662,131.68220555555556,132.0112494444445,132.2454127777778,134.83108500000003,130.47394500000004,130.76657222222224,131.7205633333334,131.55863722222225,133.12326333333334,134.3988888888889,128.22738833333335,131.49318166666663,131.920555,132.0130561111111,133.6819211111111,133.95734722222224,41.54235222222223,42.943042777777784,42.52008666666666,44.41087611111111,45.237590000000004,45.7299238888889,45.94449111111111,42.81086277777777,43.505795555555565,44.579582222222236,45.90676000000001,45.382350555555576,42.33420833333334,7.465094444444442,43.91222944444445,45.02481611111112,45.18785388888889,45.80538499999999,41.908609999999996,42.91186,43.936485000000005,44.87453611111111,45.4375988888889,45.552786666666655,127.57835666666665,130.47170055555554,129.86955,132.28623222222225,132.54721277777776,133.4441027777778,134.47121499999997,130.85035666666664,131.2835472222222,132.2157,132.1728944444444,134.52119055555562,130.16640055555558,130.10103055555555,131.83471944444443,131.32491611111107,133.30934833333336,134.26696611111112,128.34629444444442,130.9581877777778,131.73975666666666,132.32872666666663,133.9258677777778,133.95342833333333,41.525724999999994,42.945134444444456,42.551698888888886,44.41075111111111,45.14908777777779,45.75572666666667,45.94667166666665,42.79623444444446,43.49027666666667,44.542274444444445,45.91384944444443,45.071198333333335,42.39210999999999,,,,,,,,,,,
130.47925166666664,132.11073666666667,131.93594166666668,134.67624000000004,134.93374277777775,136.04069166666665,136.83935333333332,133.07230833333338,133.400205,133.93508777777777,134.58065000000002,136.85131555555554,131.98233777777773,131.8004555555556,133.3058961111111,132.49489722222216,135.77553833333337,136.88466722222225,130.95492833333336,133.03240611111113,133.82549500000002,134.4143233333333,136.1474288888889,136.42935888888886,43.4876511111111,45.13879777777778,44.58781166666667,46.69733166666666,47.29768611111112,47.84161333333334,47.86078444444443,44.90969388888889,45.45325055555557,46.937282222222215,47.780562222222215,47.15313166666665,44.238271111111096,43.887166111111114,7.467678888888889,46.901562777777784,46.92740722222223,47.607343333333326,43.640428888888884,44.81088277777777,46.14554833333333,47.00663555555554,47.30248166666665,47.455293888888896,129.91897888888886,131.8494694444444,131.62923166666664,134.08433666666667,134.6418561111111,135.03985944444437,136.3482766666667,132.39417833333334,132.64918444444442,133.45388944444446,133.7895288888889,136.30999666666668,131.68144388888888,131.57658722222223,132.41087666666664,131.98615166666664,135.10982944444444,136.41776555555552,130.33124166666667,132.3631272222222,133.45744611111115,133.8555316666667,135.89459333333332,135.71689888888895,43.298496666666665,44.896396111111116,44.49547277777778,46.69344222222221,47.19340111111112,47.67700722222222,47.89771388888889,44.855043888888886,45.40898222222222,46.71056333333333,47.72106666666667,47.06501722222221,44.24283555555557,44.11873166666667,,,,,,,,,,
130.8151211111111,133.02531611111112,132.49238388888892,135.3414811111111,135.7891188888889,136.76622666666665,137.70472944444444,133.69607777777776,134.69008444444444,135.59546833333337,135.6521461111111,137.54582222222226,132.43795777777777,132.31637777777777,134.66626166666666,133.98564333333331,136.48302277777776,137.39920166666667,131.1755661111111,133.89280833333333,134.78540055555553,135.53243777777777,137.17956166666667,137.53123166666666,44.19739333333332,46.08089888888888,45.734745,47.81228722222221,48.679281111111095,49.02478,49.186292222222214,45.83400222222222,46.40355555555555,47.670477777777776,48.936018333333344,48.26141666666667,45.30717055555557,44.818197777777776,46.92254222222222,7.470399444444444,48.29481722222222,49.045877777777775,44.35335222222222,45.842150000000004,47.15736444444444,47.978366666666666,48.52760888888888,48.851798333333356,130.47119833333338,132.38357666666664,132.08069333333333,135.09179,135.47987611111108,136.59608499999996,137.51152222222223,132.93184833333333,133.8631933333333,135.0382877777778,135.40697388888887,137.39377222222228,132.00865944444445,132.05595944444445,134.07457,133.58783666666668,136.19955444444443,137.21179277777782,130.97198333333336,133.08605333333333,134.48016666666666,135.10968833333334,137.03767000000002,136.9804961111111,44.12194111111111,46.023477777777764,45.470487222222225,47.78464555555555,48.77187555555556,49.19305555555558,49.633285000000015,46.09338555555556,46.39242500000001,47.64490444444445,48.904103888888905,48.35079111111113,45.2879861111111,44.862438888888896,46.93219722222221,,,,,,,,,
131.7563188888889,133.62693555555558,132.65660833333337,136.13618611111113,136.54147111111112,137.62749388888884,138.36392055555552,134.31936999999996,134.96616500000005,135.93850222222227,136.58356611111108,138.47699055555552,132.94761055555554,133.13583999999997,135.32612777777786,134.3201555555556,137.52208388888891,138.10697055555553,131.72434166666665,134.14873555555556,135.34460222222222,136.11154777777776,137.66456666666664,137.92298055555554,44.322645555555546,46.05335555555554,45.55532777777777,48.15165555555556,49.98466777777777,50.098282222222245,50.262661111111115,45.937861111111125,46.59593333333333,48.73044333333334,50.216803888888876,49.903858888888905,45.58553055555556,45.082656111111106,47.06306555555555,48.04192500000002,7.562425555555557,50.418069444444406,44.367073333333344,45.84512888888889,47.222292222222215,48.632857777777765,50.06305888888889,50.010690000000004,131.15231722222222,133.27174888888885,132.53562277777777,135.90519000000003,136.3981055555556,137.22758833333333,137.9891344444445,134.0299138888889,134.59429,135.69675888888892,136.06387333333336,137.92448944444445,132.85645555555556,132.84830944444442,134.87747166666665,134.01854944444443,137.10176833333333,137.77723055555558,131.48687277777776,134.0997738888889,135.1817166666667,135.93447222222218,137.23214000000004,137.490355,44.277775000000005,45.83467222222224,45.55859611111109,48.03495277777776,49.90749333333333,50.09052055555555,50.16077166666667,45.84177055555557,46.863969999999995,48.70357944444446,50.173159444444416,49.93483833333333,45.473598888888894,44.854258333333334,47.01353166666668,48.239949444444434,,,,,,,,
131.90387166666667,134.05391888888892,133.50492777777777,136.5669266666667,137.06825166666667,138.00700277777776,138.5596322222222,134.7895172222222,135.53709777777786,136.43572500000002,136.8076916666667,138.57460999999995,133.4481138888889,133.77299833333333,135.6520772222222,134.97555777777774,138.08664222222222,138.61314944444445,132.16485333333335,134.8414,136.107625,136.5434761111111,138.2115883333333,138.1694677777778,45.50419222222221,47.11577,46.939206111111105,50.06134611111109,50.941737777777796,51.07001833333333,51.05149222222224,46.743455555555535,47.34447722222223,49.89435611111112,51.17130222222224,50.982275,46.54117999999999,46.52395777777777,48.01603888888888,49.46343444444447,50.47362166666667,7.472386666666668,45.43928666666668,46.74346166666665,48.26246111111112,50.081409444444425,51.08065277777779,51.03571000000002,132.08046333333334,134.60898944444446,133.8475911111111,136.9092677777777,137.45763388888886,138.48707833333336,139.71316888888893,135.26903555555558,135.8261355555556,137.00248500000004,137.06560333333334,139.0489361111111,134.01743277777783,133.91745055555558,136.43296,135.37890722222218,138.2581533333333,139.17234277777777,132.2838433333333,135.31142333333335,136.4160077777778,137.04529222222223,138.56737777777784,138.58571611111114,45.27276222222223,46.65882222222223,46.45046,49.12445,50.8917327777778,50.91774888888893,50.93649111111113,46.65167666666667,47.25581444444443,49.773978888888884,50.91461166666667,50.84365444444444,46.341118333333334,45.79602888888889,47.642561666666666,49.069123333333344,50.442237222222225,,,,,,,
128.6699122222222,130.78748166666665,130.36686944444443,132.74455777777774,132.81536111111114,133.50788000000003,134.63528833333336,131.17530277777777,131.6659527777778,132.08521555555555,132.30748888888883,134.46927555555556,130.21905111111107,130.02876500000002,131.7004088888889,131.46542444444444,133.1372427777778,134.36477944444442,129.01141555555554,131.17158055555558,132.29923500000004,132.28000500000005,134.17303777777775,133.7576272222222,41.38025222222222,42.55440833333334,42.384738333333345,43.91290055555557,44.7951177777778,45.79803833333333,45.63710333333334,42.483405,42.93416611111112,44.537212222222216,45.555099999999996,44.68640666666668,41.99315444444445,41.59588833333333,43.89120000000001,44.27827111111111,44.48713277777778,45.41808055555555,7.611183888888893,42.298429999999996,43.542500555555556,44.31747666666667,44.80974999999999,45.350885,127.57843944444441,130.61848166666664,129.9589311111111,132.30469055555557,132.64929555555563,133.46281277777774,134.57687611111115,131.0954577777778,131.5752983333333,132.11023722222225,132.24962222222226,134.66979555555557,130.037615,130.19222666666673,131.66262055555558,131.0028222222222,133.10510444444446,134.53658,128.6169316666667,131.24911222222227,132.15198277777782,132.08960555555552,134.1918527777777,133.85552833333335,41.18378111111111,42.56091333333334,42.26876888888888,43.94069111111112,44.73322555555555,45.43839055555554,45.61186333333333,42.41618611111111,42.93530777777778,43.923898888888885,45.533215000000006,44.67824055555556,41.94668055555555,41.54406444444444,43.69227722222222,44.25544111111112,44.41363444444444,45.43727833333334,,,,,,
128.65754888888887,131.2842861111111,130.59059333333335,133.02685166666672,133.54100111111117,134.22599,135.42835277777772,131.77363833333334,132.04651388888888,133.05870166666665,133.16692833333332,135.5035761111111,130.84440444444448,130.882875,132.22569055555556,131.75510944444449,134.10512666666665,135.43048777777773,129.34627666666663,131.60914944444448,132.55019111111113,132.83777944444446,134.92189222222225,134.81238666666667,42.37462555555556,43.995719444444426,43.975012222222226,45.72731722222222,46.22738333333333,47.159524999999995,47.32039333333333,43.80240777777777,44.455416666666665,45.55650888888889,46.89070666666667,45.99294722222223,43.33277944444445,42.95701499999999,44.934477777777786,45.85124444444445,45.85136833333333,46.82597611111112,42.461997777777775,7.53902888888889,44.88859611111113,45.78152,46.15198777777779,46.53675111111114,128.34565277777776,131.18508222222223,130.52980166666663,133.02949333333333,133.45801666666665,133.96481333333332,135.18239888888888,131.4598011111111,131.8941694444445,132.5803161111111,133.07069277777782,135.07549500000002,130.3236311111111,130.51203833333332,131.87316166666668,131.69180444444444,133.80738666666667,135.2195588888889,128.94532944444447,131.50762333333333,132.38690222222223,132.77993333333333,134.8324622222223,134.72467555555556,42.24087277777778,43.875640555555556,43.5610238888889,45.40330388888889,46.16649888888889,46.794371111111104,47.08525166666667,43.91336333333334,44.765435,45.840415555555566,47.3171911111111,46.04430222222223,43.33853222222222,42.87320944444444,44.907598333333326,45.865474999999996,45.90450944444445,46.77853666666668,42.444861666666675,,,,,
130.40768388888893,131.8587272222222,131.56493222222224,133.88540555555556,134.15045333333336,135.16181999999998,136.4163311111111,132.1964338888889,132.64003722222222,133.8565822222222,133.90800833333333,136.39000388888894,131.4276094444444,131.69054833333337,132.64214944444444,132.29598388888888,135.0703072222222,136.23963333333333,130.88331166666666,132.2869283333333,133.35794777777778,133.71550055555554,135.88717,135.75752333333332,43.24873055555557,44.936525555555555,44.54095222222221,46.875149444444446,47.64839333333333,48.240053888888895,48.44706722222222,44.90773222222223,45.70503055555554,46.94659388888887,48.21341333333332,47.87113666666666,44.40449888888889,43.869260555555556,46.33557833333333,47.42319777777777,47.709315000000004,48.46724888888888,43.859852222222216,44.85681722222223,7.5457205555555555,47.17383277777776,47.656942777777786,47.90023055555555,130.49219888888894,132.19165999999998,131.81048166666665,134.7037672222222,134.97730388888883,136.27604111111117,137.29199,132.5395472222222,133.11147444444447,134.2988861111111,134.76017277777777,137.32554388888892,131.72395555555553,131.82419833333336,133.47692833333332,133.02631166666666,136.00475722222228,137.20941499999995,131.2525966666667,132.6876083333333,133.97835833333332,134.4695394444444,136.89543888888892,136.79699166666668,43.24860833333334,44.90778833333333,44.55433666666667,46.844722777777775,47.56808666666668,48.24417944444444,48.48527666666665,44.924554444444446,45.672002777777784,46.976917777777786,48.16301444444443,47.51496000000002,44.39705166666668,43.93486222222222,46.19813722222223,47.219122777777784,47.27028777777778,48.46250888888887,43.846348333333324,45.00700000000001,,,,
131.63755777777774,132.5834077777778,132.11059555555553,135.52753388888888,135.7114844444445,137.0150494444445,138.09394444444445,133.57517555555555,134.1879372222222,134.69723444444446,135.59425888888887,137.9976,132.52411000000004,132.60210388888888,133.62276888888888,133.26398333333336,137.01703166666664,137.96363611111116,131.4352483333333,133.66057666666669,134.73874833333332,135.20868388888888,137.47232722222222,137.52047,44.15378722222222,45.76032055555556,45.68951777777776,47.9672188888889,49.48696111111112,49.74742055555555,49.844976111111116,46.112802777777794,46.60155555555554,48.218622222222216,49.65759499999999,49.22712611111111,45.366308888888895,44.89062333333333,46.98864444444444,48.112353888888904,49.139685555555545,49.78888055555556,44.283204999999995,45.728594444444454,47.188348888888896,7.480652222222224,49.094813333333335,49.6915838888889,130.89135222222228,132.78886277777775,132.21804666666668,134.87190722222223,135.25288055555558,136.41539944444443,137.40170611111105,133.21363166666663,133.7284183333333,134.98533999999998,135.53653055555557,137.39523888888888,132.32091166666666,132.18928444444447,134.02903000000003,133.56335166666668,136.07108888888888,137.31595777777775,131.1826788888889,133.34179833333332,134.36682222222223,134.9187133333333,136.8673216666667,136.77717611111115,43.958754444444445,45.762032777777776,45.61525,48.313313888888885,49.1127111111111,49.89210277777777,49.8172661111111,45.84805666666668,46.571085000000004,48.20065444444444,49.57314277777777,49.166039444444465,45.327337777777785,44.815503888888884,46.98096888888888,47.92254888888889,48.67262222222222,49.7324011111111,44.278958333333335,45.83515333333334,47.204665555555565,,,
131.00965388888892,133.20137944444446,133.18504833333333,135.82368444444444,136.3208105555556,137.16799277777776,138.23319499999994,133.93297166666667,134.49729166666665,135.60030499999996,136.14769444444445,138.20328499999997,132.6680577777778,132.7490616666667,134.87382166666663,134.32895722222224,137.103335,138.16378611111114,131.55672777777775,134.05552611111108,135.26739444444445,135.8319966666667,137.54388277777778,137.69471222222225,44.68284666666667,46.268694444444435,45.95765499999999,48.983085,50.91933055555555,50.960189444444474,50.961002222222234,46.200419999999994,47.23029833333334,49.53347277777779,51.07529444444445,50.86716055555557,46.023903333333344,45.19250166666668,47.50424944444444,48.56940444444444,50.391881111111125,50.9592416666667,44.84576944444446,46.0544388888889,47.64846166666666,49.32002833333334,7.468949444444445,51.07633944444448,131.0957222222222,133.20469888888888,132.63048555555554,135.51903166666668,135.83659944444446,136.78861611111114,137.57497833333332,133.77731111111115,134.35760555555552,135.0380383333333,135.90844055555556,137.53571277777777,132.59074222222222,132.74831944444443,134.1836477777778,133.95391555555554,136.71343777777778,137.4701188888889,131.59410666666662,134.18649444444446,134.79272388888893,135.18276222222224,137.02246444444447,137.2948044444444,44.569032777777764,46.314979444444454,45.88915611111109,49.071822222222224,50.90901000000001,50.945420000000006,50.95035500000003,46.21270277777778,47.10870888888887,49.58290666666667,51.075617222222235,50.860526111111106,45.74061222222223,45.16101666666668,47.30603388888888,48.46941444444444,50.349966111111115,50.94632555555556,44.80444944444443,46.07970499999999,47.574339444444426,49.23511944444443,,
132.03670666666667,134.61245666666667,133.692735,136.99739444444444,137.72712500000003,138.75562000000002,139.14495277777783,134.8933877777778,135.79137999999998,136.97754277777776,137.27326166666666,139.38180277777775,133.84906333333336,133.85119277777778,136.0953744444445,135.44633555555555,138.37450444444445,139.21830666666668,132.05143499999997,134.9996044444445,136.56205722222217,137.16889944444446,138.78034333333335,138.87754611111112,45.38258444444444,46.64959388888887,46.365966666666665,48.952525,50.90867444444446,50.94605555555558,50.946110000000026,46.58841333333333,47.25421666666666,49.91436111111113,50.98896055555557,50.96002555555555,46.11324666666668,45.47329722222222,47.49760444444445,48.97290388888891,50.37499444444445,50.946900555555594,45.378448888888904,46.487226666666665,47.856923888888886,49.59971333333335,50.93018555555559,7.469171666666668,131.62514777777778,134.08431833333336,133.72305166666663,136.53618944444446,137.17459888888888,137.70314722222224,138.43936666666667,134.54371166666667,135.27113333333335,136.3655661111111,136.76452000000003,138.40388833333338,133.52367111111113,133.43738,135.508985,135.06797833333337,137.5950861111111,138.38912222222223,132.0393022222222,134.6554027777778,136.0011616666667,136.5462988888889,138.08141555555557,137.99454888888894,45.366055555555555,46.58222333333334,46.27768555555556,48.874746666666674,50.894012222222244,50.9157716666667,50.916112222222225,46.54087055555556,47.24919333333333,49.69998944444442,50.93100111111115,50.84685666666668,46.13757333333334,45.49529777777778,47.736619444444436,48.833502777777795,50.428382222222226,50.93273,45.380477777777784,46.51875277777778,47.904883888888904,49.54586388888889,50.930185555555546,
